group_id,strategy,source,adapter_type,adapter_variant,external_variant,model,seed,AUC,AUPRC,ACC,F1,MCC
G01,S1,native,none,native,lm_only,ankh,11,0.792455621301775,0.3059676946867719,0.8076923076923077,0.3373493975903614,0.2684828598682889
G01,S1,native,none,native,lm_only,ankh,22,0.7701183431952663,0.2457984491205611,0.7552447552447552,0.3396226415094339,0.2906721370584665
G01,S1,native,none,native,lm_only,ankh,33,0.7747041420118344,0.2617748182522805,0.6118881118881119,0.2745098039215686,0.2314370668913329
G01,S1,native,none,native,lm_only,ankh,44,0.7337278106508877,0.2535898213801416,0.6818181818181818,0.272,0.2045239970259654
G01,S1,native,none,native,lm_only,ankh,55,0.801923076923077,0.3239855945664596,0.6468531468531469,0.2733812949640288,0.2171245641842326
G01,S1,native,none,native,lm_only,esm2,11,0.9357988165680472,0.7100016343761908,0.944055944055944,0.7142857142857143,0.6856034446626806
G01,S1,native,none,native,lm_only,esm2,22,0.9328402366863906,0.7231680245574644,0.951048951048951,0.72,0.6938937596046822
G01,S1,native,none,native,lm_only,esm2,33,0.9431952662721892,0.7564329749858835,0.944055944055944,0.7037037037037037,0.673425730752415
G01,S1,native,none,native,lm_only,esm2,44,0.938757396449704,0.702653755493003,0.8496503496503497,0.5057471264367817,0.4885650525412793
G01,S1,native,none,native,lm_only,esm2,55,0.9430473372781064,0.7216133210362852,0.951048951048951,0.7083333333333334,0.6846531968814576
G01,S1,native,none,native,lm_only,protbert,11,0.9174556213017752,0.6041987662276088,0.9125874125874126,0.4897959183673469,0.443184645702903
G01,S1,native,none,native,lm_only,protbert,22,0.8952662721893492,0.4982972130995255,0.8286713286713286,0.4615384615384615,0.4379810020562533
G01,S1,native,none,native,lm_only,protbert,33,0.908284023668639,0.6188291201684152,0.8531468531468531,0.4878048780487805,0.4569681343117893
G01,S1,native,none,native,lm_only,protbert,44,0.9099112426035504,0.6231090127726369,0.7867132867132867,0.4077669902912621,0.3838859479749572
G01,S1,native,none,native,lm_only,protbert,55,0.9066568047337278,0.6144760748949948,0.8741258741258742,0.5135135135135135,0.4763397000082205
G01,S1,native,none,native,lm_only,prott5,11,0.9291420118343194,0.7352649296678284,0.9230769230769232,0.6071428571428571,0.5665249516423203
G01,S1,native,none,native,lm_only,prott5,22,0.9335798816568046,0.7129662909941674,0.9125874125874126,0.5454545454545454,0.498165156090347
G01,S1,native,none,native,lm_only,prott5,33,0.9251479289940828,0.7177302888893564,0.9370629370629372,0.625,0.59336610396393
G01,S1,native,none,native,lm_only,prott5,44,0.9396449704142013,0.7613847743097112,0.8741258741258742,0.5263157894736842,0.4948891332786446
G01,S1,native,none,native,lm_only,prott5,55,0.9257396449704142,0.7195197907540232,0.951048951048951,0.6818181818181818,0.6692889967674875
G02,S1,native,none,native,lm_pssm,ankh,11,0.921301775147929,0.5831175330918107,0.9090909090909092,0.5185185185185185,0.4687936026232281
G02,S1,native,none,native,lm_pssm,ankh,22,0.92396449704142,0.6016229313167452,0.8846153846153846,0.5074626865671642,0.4606572230550741
G02,S1,native,none,native,lm_pssm,ankh,33,0.9149408284023668,0.5867098149032615,0.9230769230769232,0.4210526315789473,0.4191289774719602
G02,S1,native,none,native,lm_pssm,ankh,44,0.9378698224852072,0.6362742353419231,0.8776223776223776,0.5333333333333333,0.5017921897608469
G02,S1,native,none,native,lm_pssm,ankh,55,0.9326923076923076,0.6198433093666718,0.916083916083916,0.5,0.4564354645876384
G02,S1,native,none,native,lm_pssm,esm2,11,0.9254437869822486,0.5818761603047319,0.902097902097902,0.4814814814814814,0.4278671769973907
G02,S1,native,none,native,lm_pssm,esm2,22,0.9331360946745562,0.616868773452236,0.9055944055944056,0.5263157894736842,0.4765998059998177
G02,S1,native,none,native,lm_pssm,esm2,33,0.9263313609467456,0.5899522431329572,0.9230769230769232,0.4210526315789473,0.4191289774719602
G02,S1,native,none,native,lm_pssm,esm2,44,0.9378698224852072,0.629354976328697,0.9195804195804196,0.5964912280701754,0.5548475353430713
G02,S1,native,none,native,lm_pssm,esm2,55,0.9340236686390532,0.6282440007250328,0.9195804195804196,0.5106382978723404,0.47053333277322
G02,S1,native,none,native,lm_pssm,protbert,11,0.9285502958579882,0.5847478213741578,0.9090909090909092,0.5185185185185185,0.4687936026232281
G02,S1,native,none,native,lm_pssm,protbert,22,0.9255917159763314,0.6000381845687385,0.8846153846153846,0.5074626865671642,0.4606572230550741
G02,S1,native,none,native,lm_pssm,protbert,33,0.9171597633136096,0.5811059056993927,0.9230769230769232,0.4210526315789473,0.4191289774719602
G02,S1,native,none,native,lm_pssm,protbert,44,0.939792899408284,0.6492823770559971,0.8811188811188811,0.5405405405405406,0.5088846484559871
G02,S1,native,none,native,lm_pssm,protbert,55,0.9344674556213016,0.6175982759310275,0.9195804195804196,0.5106382978723404,0.47053333277322
G02,S1,native,none,native,lm_pssm,prott5,11,0.927810650887574,0.5800906551593739,0.902097902097902,0.5172413793103449,0.4665087495276233
G02,S1,native,none,native,lm_pssm,prott5,22,0.9263313609467456,0.6117119969759677,0.8846153846153846,0.5217391304347826,0.4795063177244678
G02,S1,native,none,native,lm_pssm,prott5,33,0.9150887573964496,0.5916667273986757,0.9195804195804196,0.3783783783783784,0.3794733192202055
G02,S1,native,none,native,lm_pssm,prott5,44,0.9387573964497042,0.641010972288705,0.8811188811188811,0.5405405405405406,0.5088846484559871
G02,S1,native,none,native,lm_pssm,prott5,55,0.934319526627219,0.6292703481933994,0.9125874125874126,0.4897959183673469,0.443184645702903
G03,S2,diagonal,lora,lm_only,lm_only,ankh,11,0.7745562130177515,0.2531412499534964,0.7902097902097902,0.3023255813953488,0.2253970603363309
G03,S2,diagonal,lora,lm_only,lm_only,ankh,22,0.7778846153846154,0.302796122639505,0.8671328671328671,0.2692307692307692,0.1961538461538461
G03,S2,diagonal,lora,lm_only,lm_only,ankh,33,0.8053254437869822,0.3326681018061231,0.6888111888111889,0.3100775193798449,0.2694894105823887
G03,S2,diagonal,lora,lm_only,lm_only,ankh,44,0.7662721893491125,0.2347622835287486,0.6258741258741258,0.272108843537415,0.2215646837627989
G03,S2,diagonal,lora,lm_only,lm_only,ankh,55,0.7658284023668639,0.2318808342087029,0.7062937062937062,0.3114754098360656,0.2645854917718285
G03,S2,diagonal,lora,lm_only,lm_only,esm2,11,0.9277366863905326,0.5589746627616015,0.9265734265734266,0.5116279069767442,0.4863318791710143
G03,S2,diagonal,lora,lm_only,lm_only,esm2,22,0.916346153846154,0.5739810828160121,0.916083916083916,0.2941176470588235,0.3151595462116693
G03,S2,diagonal,lora,lm_only,lm_only,esm2,33,0.9274408284023667,0.5898042611417205,0.9055944055944056,0.5263157894736842,0.4765998059998177
G03,S2,diagonal,lora,lm_only,lm_only,esm2,44,0.9295118343195268,0.6271873229048927,0.9370629370629372,0.625,0.59336610396393
G03,S2,diagonal,lora,lm_only,lm_only,esm2,55,0.9266272189349112,0.5432555280971084,0.9230769230769232,0.4761904761904761,0.4522577108652068
G03,S2,diagonal,lora,lm_only,lm_only,protbert,11,0.8909763313609467,0.541361571841786,0.8671328671328671,0.4411764705882353,0.3842249414348434
G03,S2,diagonal,lora,lm_only,lm_only,protbert,22,0.9064349112426034,0.5763179105468689,0.8041958041958042,0.4166666666666667,0.3857583749052298
G03,S2,diagonal,lora,lm_only,lm_only,protbert,33,0.9004437869822486,0.4993267977536741,0.7902097902097902,0.4117647058823529,0.3879852850993631
G03,S2,diagonal,lora,lm_only,lm_only,protbert,44,0.9016272189349112,0.54825158544,0.7832167832167832,0.4150943396226415,0.3990583576565387
G03,S2,diagonal,lora,lm_only,lm_only,protbert,55,0.9041420118343196,0.5622171038453732,0.902097902097902,0.5,0.44744645862196
G03,S2,diagonal,lora,lm_only,lm_only,prott5,11,0.918491124260355,0.5512423812265874,0.9090909090909092,0.5517241379310345,0.5050921799396824
G03,S2,diagonal,lora,lm_only,lm_only,prott5,22,0.9031065088757396,0.4612685005626592,0.8811188811188811,0.5277777777777778,0.4905723513245095
G03,S2,diagonal,lora,lm_only,lm_only,prott5,33,0.915162721893491,0.6574643971407855,0.8951048951048951,0.5454545454545454,0.5036856033200372
G03,S2,diagonal,lora,lm_only,lm_only,prott5,44,0.9003698224852071,0.4826221409484809,0.8496503496503497,0.4941176470588235,0.469990968520199
G03,S2,diagonal,lora,lm_only,lm_only,prott5,55,0.9125739644970414,0.6641955887556359,0.9405594405594404,0.6222222222222222,0.599378744009127
G04,S2,cross,lora,lm_only,lm_pssm,ankh,11,0.9289940828402368,0.5847632257076291,0.8916083916083916,0.4745762711864407,0.4187628431947846
G04,S2,cross,lora,lm_only,lm_pssm,ankh,22,0.9260355029585798,0.5784476109258343,0.9125874125874126,0.5454545454545454,0.498165156090347
G04,S2,cross,lora,lm_only,lm_pssm,ankh,33,0.9201183431952662,0.5954132080957548,0.9195804195804196,0.5106382978723404,0.47053333277322
G04,S2,cross,lora,lm_only,lm_pssm,ankh,44,0.9383136094674556,0.6775184516440502,0.9370629370629372,0.6086956521739131,0.5809636795811605
G04,S2,cross,lora,lm_only,lm_pssm,ankh,55,0.9263313609467456,0.6240449389121463,0.9125874125874126,0.576271186440678,0.5329708913388167
G04,S2,cross,lora,lm_only,lm_pssm,esm2,11,0.9315088757396448,0.6002541574141055,0.8986013986013986,0.5084745762711864,0.4568321925761286
G04,S2,cross,lora,lm_only,lm_pssm,esm2,22,0.9329881656804736,0.6220254872598016,0.8986013986013986,0.5538461538461539,0.5122905493721507
G04,S2,cross,lora,lm_only,lm_pssm,esm2,33,0.9485207100591716,0.6680555891272025,0.9195804195804196,0.4651162790697674,0.4348929304125416
G04,S2,cross,lora,lm_only,lm_pssm,esm2,44,0.9497041420118344,0.6790410159467798,0.9055944055944056,0.5846153846153846,0.5477320339199095
G04,S2,cross,lora,lm_only,lm_pssm,esm2,55,0.9340236686390532,0.6363612589970055,0.9195804195804196,0.5306122448979592,0.4879097016912694
G04,S2,cross,lora,lm_only,lm_pssm,protbert,11,0.9403846153846154,0.6243114092839462,0.9125874125874126,0.6031746031746031,0.5666669859085686
G04,S2,cross,lora,lm_only,lm_pssm,protbert,22,0.9366863905325444,0.5903560874507009,0.9125874125874126,0.4897959183673469,0.443184645702903
G04,S2,cross,lora,lm_only,lm_pssm,protbert,33,0.9220414201183432,0.5942251485905586,0.8706293706293706,0.5194805194805194,0.4881661767302838
G04,S2,cross,lora,lm_only,lm_pssm,protbert,44,0.9356508875739644,0.655686131851315,0.8006993006993007,0.4466019417475728,0.4387267976856654
G04,S2,cross,lora,lm_only,lm_pssm,protbert,55,0.9255917159763314,0.5746689779876066,0.9195804195804196,0.5490196078431373,0.505009388782645
G04,S2,cross,lora,lm_only,lm_pssm,prott5,11,0.938757396449704,0.6295353698450855,0.9230769230769232,0.6071428571428571,0.5665249516423203
G04,S2,cross,lora,lm_only,lm_pssm,prott5,22,0.9399408284023668,0.6457897675298434,0.9125874125874126,0.5098039215686274,0.4619465726849001
G04,S2,cross,lora,lm_only,lm_pssm,prott5,33,0.9286982248520712,0.6026636164295927,0.8986013986013986,0.5396825396825397,0.4941863249202632
G04,S2,cross,lora,lm_only,lm_pssm,prott5,44,0.934319526627219,0.6772404507583191,0.8916083916083916,0.5373134328358209,0.4953642741071687
G04,S2,cross,lora,lm_only,lm_pssm,prott5,55,0.9301775147928996,0.6371757411747649,0.9230769230769232,0.5925925925925926,0.5506464538749029
G05,S3,diagonal,dora,lm_only,lm_only,ankh,11,0.7590236686390532,0.2322247260157589,0.7867132867132867,0.2823529411764706,0.1994729110579914
G05,S3,diagonal,dora,lm_only,lm_only,ankh,22,0.7940828402366864,0.3396477730446684,0.8846153846153846,0.2978723404255319,0.2373861859036065
G05,S3,diagonal,dora,lm_only,lm_only,ankh,33,0.8010355029585798,0.3074438829140105,0.6853146853146853,0.296875,0.2469873897053993
G05,S3,diagonal,dora,lm_only,lm_only,ankh,44,0.8061390532544379,0.33767926461928,0.8951048951048951,0.375,0.3195048252113469
G05,S3,diagonal,dora,lm_only,lm_only,ankh,55,0.7967455621301776,0.2811141773064649,0.7412587412587412,0.3272727272727272,0.2767512069560431
G05,S3,diagonal,dora,lm_only,lm_only,esm2,11,0.9293639053254438,0.5603376137499186,0.8986013986013986,0.5538461538461539,0.5122905493721507
G05,S3,diagonal,dora,lm_only,lm_only,esm2,22,0.9124260355029584,0.56023571703501,0.9195804195804196,0.3428571428571428,0.3610054151218405
G05,S3,diagonal,dora,lm_only,lm_only,esm2,33,0.931508875739645,0.5956762057219491,0.916083916083916,0.5555555555555556,0.5097200282490655
G05,S3,diagonal,dora,lm_only,lm_only,esm2,44,0.9369082840236684,0.5741666164523659,0.8881118881118881,0.5675675675675675,0.5414295969037538
G05,S3,diagonal,dora,lm_only,lm_only,esm2,55,0.9251479289940828,0.5439892259898161,0.916083916083916,0.3684210526315789,0.3584655728378608
G05,S3,diagonal,dora,lm_only,lm_only,protbert,11,0.9021449704142012,0.4989496129999872,0.8566433566433567,0.4810126582278481,0.4439240797137278
G05,S3,diagonal,dora,lm_only,lm_only,protbert,22,0.89948224852071,0.5070283765248293,0.8251748251748252,0.4444444444444444,0.4138644509785587
G05,S3,diagonal,dora,lm_only,lm_only,protbert,33,0.8959319526627219,0.4978580041023122,0.7972027972027972,0.3958333333333333,0.3574694274121796
G05,S3,diagonal,dora,lm_only,lm_only,protbert,44,0.9027366863905324,0.5505155304087945,0.8006993006993007,0.4356435643564356,0.4198021048863173
G05,S3,diagonal,dora,lm_only,lm_only,protbert,55,0.9048076923076924,0.5364827715172649,0.8776223776223776,0.4444444444444444,0.3854653334378053
G05,S3,diagonal,dora,lm_only,lm_only,prott5,11,0.9199704142011834,0.560840494845271,0.916083916083916,0.5714285714285714,0.5268321206355335
G05,S3,diagonal,dora,lm_only,lm_only,prott5,22,0.9071005917159763,0.4896746342975822,0.8636363636363636,0.4935064935064935,0.456392046883934
G05,S3,diagonal,dora,lm_only,lm_only,prott5,33,0.91405325443787,0.6757584882037498,0.8776223776223776,0.5070422535211268,0.4645972690477625
G05,S3,diagonal,dora,lm_only,lm_only,prott5,44,0.8991863905325443,0.4783675709519391,0.8496503496503497,0.5057471264367817,0.4885650525412793
G05,S3,diagonal,dora,lm_only,lm_only,prott5,55,0.9109467455621302,0.6540799715690703,0.9370629370629372,0.6086956521739131,0.5809636795811605
G06,S3,cross,dora,lm_only,lm_pssm,ankh,11,0.9325443786982248,0.5844937605198145,0.9090909090909092,0.5,0.45
G06,S3,cross,dora,lm_only,lm_pssm,ankh,22,0.9264792899408284,0.578792248367246,0.9125874125874126,0.5454545454545454,0.498165156090347
G06,S3,cross,dora,lm_only,lm_pssm,ankh,33,0.9201183431952662,0.5954132080957548,0.9195804195804196,0.5106382978723404,0.47053333277322
G06,S3,cross,dora,lm_only,lm_pssm,ankh,44,0.9383136094674556,0.6777664445572796,0.9370629370629372,0.6086956521739131,0.5809636795811605
G06,S3,cross,dora,lm_only,lm_pssm,ankh,55,0.92603550295858,0.6236409311551974,0.9125874125874126,0.576271186440678,0.5329708913388167
G06,S3,cross,dora,lm_only,lm_pssm,esm2,11,0.9329881656804732,0.602502961728812,0.9195804195804196,0.5490196078431373,0.505009388782645
G06,S3,cross,dora,lm_only,lm_pssm,esm2,22,0.931360946745562,0.6115673365846147,0.8986013986013986,0.5538461538461539,0.5122905493721507
G06,S3,cross,dora,lm_only,lm_pssm,esm2,33,0.9508875739644972,0.670636241136204,0.9230769230769232,0.5769230769230769,0.5346153846153846
G06,S3,cross,dora,lm_only,lm_pssm,esm2,44,0.9637573964497042,0.6968193503963253,0.9195804195804196,0.6567164179104478,0.6341924783155473
G06,S3,cross,dora,lm_only,lm_pssm,esm2,55,0.9357988165680472,0.6294699739525841,0.9265734265734266,0.5714285714285714,0.5326347576796358
G06,S3,cross,dora,lm_only,lm_pssm,protbert,11,0.9328402366863904,0.6007330475856738,0.9055944055944056,0.5263157894736842,0.4765998059998177
G06,S3,cross,dora,lm_only,lm_pssm,protbert,22,0.9374260355029586,0.6045297453432453,0.916083916083916,0.5384615384615384,0.4923076923076923
G06,S3,cross,dora,lm_only,lm_pssm,protbert,33,0.9217455621301774,0.594178011309434,0.8671328671328671,0.5128205128205128,0.481614641307647
G06,S3,cross,dora,lm_only,lm_pssm,protbert,44,0.9357988165680472,0.6586216420040136,0.9265734265734266,0.6181818181818182,0.5787506960461385
G06,S3,cross,dora,lm_only,lm_pssm,protbert,55,0.9258875739644972,0.5774724925558271,0.9195804195804196,0.5490196078431373,0.505009388782645
G06,S3,cross,dora,lm_only,lm_pssm,prott5,11,0.9396449704142013,0.6335275819625356,0.9055944055944056,0.5573770491803278,0.5128291521826744
G06,S3,cross,dora,lm_only,lm_pssm,prott5,22,0.9371301775147928,0.6356994567871986,0.9195804195804196,0.5660377358490566,0.5218519639988646
G06,S3,cross,dora,lm_only,lm_pssm,prott5,33,0.9285502958579884,0.6014864333444612,0.93006993006993,0.375,0.4629100498862757
G06,S3,cross,dora,lm_only,lm_pssm,prott5,44,0.9344674556213016,0.6689009403954973,0.9090909090909092,0.5806451612903226,0.54
G06,S3,cross,dora,lm_only,lm_pssm,prott5,55,0.9298816568047336,0.6357081916302922,0.9195804195804196,0.5818181818181818,0.5384579260682427
G07,S4,diagonal,lora,lm_pssm,lm_pssm,ankh,11,0.9050295857988164,0.564158399471768,0.9125874125874126,0.4897959183673469,0.443184645702903
G07,S4,diagonal,lora,lm_pssm,lm_pssm,ankh,22,0.9229289940828402,0.5847115782909106,0.9055944055944056,0.5573770491803278,0.5128291521826744
G07,S4,diagonal,lora,lm_pssm,lm_pssm,ankh,33,0.9187869822485206,0.5526956512858918,0.9055944055944056,0.425531914893617,0.3772744740253746
G07,S4,diagonal,lora,lm_pssm,lm_pssm,ankh,44,0.9338757396449704,0.6489885984921755,0.8986013986013986,0.5671641791044776,0.5300713251592634
G07,S4,diagonal,lora,lm_pssm,lm_pssm,ankh,55,0.8970414201183432,0.5224781801800287,0.9090909090909092,0.4090909090909091,0.3687918961780033
G07,S4,diagonal,lora,lm_pssm,lm_pssm,esm2,11,0.8684171597633137,0.5823353889587991,0.9370629370629372,0.64,0.6061600658615615
G07,S4,diagonal,lora,lm_pssm,lm_pssm,esm2,22,0.9375739644970414,0.6254290215287037,0.8741258741258742,0.5384615384615384,0.5131489332980287
G07,S4,diagonal,lora,lm_pssm,lm_pssm,esm2,33,0.9363165680473372,0.7042687043263465,0.9335664335664337,0.6274509803921569,0.5911350209781349
G07,S4,diagonal,lora,lm_pssm,lm_pssm,esm2,44,0.9424556213017752,0.712175316287847,0.8986013986013986,0.5915492957746479,0.5648045231561034
G07,S4,diagonal,lora,lm_pssm,lm_pssm,esm2,55,0.9159763313609468,0.6294160979348293,0.9230769230769232,0.5925925925925926,0.5506464538749029
G07,S4,diagonal,lora,lm_pssm,lm_pssm,protbert,11,0.9327662721893492,0.6485874056954735,0.8496503496503497,0.4941176470588235,0.469990968520199
G07,S4,diagonal,lora,lm_pssm,lm_pssm,protbert,22,0.9225591715976332,0.6682078841421091,0.8951048951048951,0.53125,0.4853651942781212
G07,S4,diagonal,lora,lm_pssm,lm_pssm,protbert,33,0.9174556213017752,0.6272163040218932,0.8741258741258742,0.4705882352941176,0.4185865215631628
G07,S4,diagonal,lora,lm_pssm,lm_pssm,protbert,44,0.9300295857988166,0.6572762797245353,0.8531468531468531,0.4878048780487805,0.4569681343117893
G07,S4,diagonal,lora,lm_pssm,lm_pssm,protbert,55,0.9258875739644972,0.6288570393343079,0.9055944055944056,0.509090909090909,0.4578723861124513
G07,S4,diagonal,lora,lm_pssm,lm_pssm,prott5,11,0.9139792899408284,0.6316944304162939,0.9195804195804196,0.5660377358490566,0.5218519639988646
G07,S4,diagonal,lora,lm_pssm,lm_pssm,prott5,22,0.8704881656804734,0.6017350381646437,0.9090909090909092,0.5517241379310345,0.5050921799396824
G07,S4,diagonal,lora,lm_pssm,lm_pssm,prott5,33,0.9171597633136096,0.6426759199194335,0.9090909090909092,0.5517241379310345,0.5050921799396824
G07,S4,diagonal,lora,lm_pssm,lm_pssm,prott5,44,0.931139053254438,0.6853659334402289,0.8811188811188811,0.5277777777777778,0.4905723513245095
G07,S4,diagonal,lora,lm_pssm,lm_pssm,prott5,55,0.9173816568047336,0.6190587767239258,0.8811188811188811,0.5,0.4529481016914821
G08,S4,cross,lora,lm_pssm,lm_only,ankh,11,0.7945266272189349,0.2936789182484235,0.8531468531468531,0.3823529411764705,0.3155017811782047
G08,S4,cross,lora,lm_pssm,lm_only,ankh,22,0.7631656804733729,0.2470155823174945,0.8321678321678322,0.2,0.109322674892105
G08,S4,cross,lora,lm_pssm,lm_only,ankh,33,0.7831360946745562,0.2529991561350855,0.6468531468531469,0.3034482758620689,0.2759137826170188
G08,S4,cross,lora,lm_pssm,lm_only,ankh,44,0.7769230769230769,0.2655395710781133,0.7307692307692307,0.2803738317757009,0.2061388486730468
G08,S4,cross,lora,lm_pssm,lm_only,ankh,55,0.8152366863905326,0.4019995478229765,0.7937062937062938,0.3058823529411765,0.2295304729982367
G08,S4,cross,lora,lm_pssm,lm_only,esm2,11,0.9093195266272188,0.660974724532117,0.9230769230769232,0.5416666666666666,0.5020790110464023
G08,S4,cross,lora,lm_pssm,lm_only,esm2,22,0.9125739644970414,0.6621811391535153,0.902097902097902,0.5757575757575758,0.5387523225385208
G08,S4,cross,lora,lm_pssm,lm_only,esm2,33,0.916568047337278,0.7226773848859974,0.9335664335664337,0.6666666666666666,0.633095264686325
G08,S4,cross,lora,lm_pssm,lm_only,esm2,44,0.919526627218935,0.6725124952356,0.9265734265734266,0.5116279069767442,0.4863318791710143
G08,S4,cross,lora,lm_pssm,lm_only,esm2,55,0.889940828402367,0.6164802325541583,0.9195804195804196,0.6101694915254238,0.5710402407201608
G08,S4,cross,lora,lm_pssm,lm_only,protbert,11,0.8840236686390534,0.4388232403461944,0.8706293706293706,0.4931506849315068,0.450535552804417
G08,S4,cross,lora,lm_pssm,lm_only,protbert,22,0.8818047337278107,0.4339395579631158,0.8006993006993007,0.4123711340206185,0.3813623930222547
G08,S4,cross,lora,lm_pssm,lm_only,protbert,33,0.8838757396449705,0.5445744768460032,0.8391608391608392,0.4523809523809524,0.415236505032876
G08,S4,cross,lora,lm_pssm,lm_only,protbert,44,0.8831360946745562,0.4466642124411358,0.8006993006993007,0.4123711340206185,0.3813623930222547
G08,S4,cross,lora,lm_pssm,lm_only,protbert,55,0.8989644970414201,0.5966571586208311,0.8601398601398601,0.4594594594594595,0.4112498031126873
G08,S4,cross,lora,lm_pssm,lm_only,prott5,11,0.9002958579881657,0.5976721232362503,0.8811188811188811,0.5277777777777778,0.4905723513245095
G08,S4,cross,lora,lm_pssm,lm_only,prott5,22,0.8812130177514793,0.5730208168425122,0.93006993006993,0.5833333333333334,0.5477225575051661
G08,S4,cross,lora,lm_pssm,lm_only,prott5,33,0.8971893491124261,0.478235071788977,0.9090909090909092,0.5357142857142857,0.4871392896287467
G08,S4,cross,lora,lm_pssm,lm_only,prott5,44,0.8460059171597633,0.4802195144234293,0.9230769230769232,0.56,0.5184263721184408
G08,S4,cross,lora,lm_pssm,lm_only,prott5,55,0.9,0.5762530118438179,0.9090909090909092,0.5517241379310345,0.5050921799396824
G09,S5,diagonal,dora,lm_pssm,lm_pssm,ankh,11,0.9196005917159764,0.6191867932212259,0.902097902097902,0.4814814814814814,0.4278671769973907
G09,S5,diagonal,dora,lm_pssm,lm_pssm,ankh,22,0.8949704142011834,0.5643496579096622,0.8636363636363636,0.48,0.4372341302594514
G09,S5,diagonal,dora,lm_pssm,lm_pssm,ankh,33,0.919896449704142,0.5649214792206777,0.916083916083916,0.4782608695652174,0.4378905346096806
G09,S5,diagonal,dora,lm_pssm,lm_pssm,ankh,44,0.9281065088757396,0.6306107393360921,0.8671328671328671,0.5,0.4628668952429676
G09,S5,diagonal,dora,lm_pssm,lm_pssm,ankh,55,0.8948964497041421,0.4942735346709553,0.902097902097902,0.4166666666666667,0.3651483716701107
G09,S5,diagonal,dora,lm_pssm,lm_pssm,esm2,11,0.9147189349112426,0.6242834772935126,0.9230769230769232,0.6451612903225806,0.6133333333333333
G09,S5,diagonal,dora,lm_pssm,lm_pssm,esm2,22,0.9292899408284024,0.5678352340535382,0.9125874125874126,0.6031746031746031,0.5666669859085686
G09,S5,diagonal,dora,lm_pssm,lm_pssm,esm2,33,0.9376479289940828,0.7095343054746442,0.9335664335664337,0.6274509803921569,0.5911350209781349
G09,S5,diagonal,dora,lm_pssm,lm_pssm,esm2,44,0.9430473372781066,0.7711113006823895,0.9125874125874126,0.6153846153846154,0.5831735184676684
G09,S5,diagonal,dora,lm_pssm,lm_pssm,esm2,55,0.9113165680473372,0.6844714392551077,0.8776223776223776,0.5070422535211268,0.4645972690477625
G09,S5,diagonal,dora,lm_pssm,lm_pssm,protbert,11,0.9302514792899408,0.6340614906544982,0.8601398601398601,0.5121951219512195,0.4876184360034337
G09,S5,diagonal,dora,lm_pssm,lm_pssm,protbert,22,0.9241863905325444,0.6655603274074938,0.8741258741258742,0.4857142857142857,0.4382299106011073
G09,S5,diagonal,dora,lm_pssm,lm_pssm,protbert,33,0.9156065088757396,0.6192321537412696,0.8811188811188811,0.4848484848484848,0.43355216488307
G09,S5,diagonal,dora,lm_pssm,lm_pssm,protbert,44,0.9289940828402368,0.6536983935652239,0.8496503496503497,0.4691358024691358,0.4320493798938574
G09,S5,diagonal,dora,lm_pssm,lm_pssm,protbert,55,0.9252218934911244,0.6317675050727836,0.9055944055944056,0.509090909090909,0.4578723861124513
G09,S5,diagonal,dora,lm_pssm,lm_pssm,prott5,11,0.9170118343195266,0.6346468843698447,0.9090909090909092,0.5666666666666667,0.5226990393278772
G09,S5,diagonal,dora,lm_pssm,lm_pssm,prott5,22,0.8990384615384616,0.5356720289510273,0.8846153846153846,0.5217391304347826,0.4795063177244678
G09,S5,diagonal,dora,lm_pssm,lm_pssm,prott5,33,0.9180473372781064,0.6412287246851334,0.8846153846153846,0.4923076923076923,0.4414075802766329
G09,S5,diagonal,dora,lm_pssm,lm_pssm,prott5,44,0.9238905325443788,0.6362694182540148,0.8496503496503497,0.4691358024691358,0.4320493798938574
G09,S5,diagonal,dora,lm_pssm,lm_pssm,prott5,55,0.9192307692307692,0.6237012593014988,0.8916083916083916,0.5079365079365079,0.4579459944261106
G10,S5,cross,dora,lm_pssm,lm_only,ankh,11,0.8279585798816568,0.3978308848212121,0.8776223776223776,0.4067796610169492,0.3426241444320964
G10,S5,cross,dora,lm_pssm,lm_only,ankh,22,0.7795857988165681,0.3190413272526499,0.8356643356643356,0.3561643835616438,0.286433199133934
G10,S5,cross,dora,lm_pssm,lm_only,ankh,33,0.7951183431952663,0.2905543148187575,0.8076923076923077,0.3820224719101123,0.3308255010365662
G10,S5,cross,dora,lm_pssm,lm_only,ankh,44,0.7664201183431952,0.2690183891608305,0.5244755244755245,0.2608695652173913,0.2357069221820966
G10,S5,cross,dora,lm_pssm,lm_only,ankh,55,0.7937869822485206,0.3026870438032821,0.5769230769230769,0.2666666666666666,0.2278616076696379
G10,S5,cross,dora,lm_pssm,lm_only,esm2,11,0.9205621301775148,0.6958343282719543,0.9405594405594404,0.6222222222222222,0.599378744009127
G10,S5,cross,dora,lm_pssm,lm_only,esm2,22,0.8683431952662722,0.6022219688289584,0.8951048951048951,0.5714285714285714,0.5393598899705936
G10,S5,cross,dora,lm_pssm,lm_only,esm2,33,0.9281065088757396,0.6899501440370084,0.9195804195804196,0.6461538461538462,0.6186150030154273
G10,S5,cross,dora,lm_pssm,lm_only,esm2,44,0.9207100591715977,0.7270583880677177,0.8741258741258742,0.5609756097560976,0.5489190393867225
G10,S5,cross,dora,lm_pssm,lm_only,esm2,55,0.8866863905325443,0.7001742263510077,0.9125874125874126,0.6153846153846154,0.5831735184676684
G10,S5,cross,dora,lm_pssm,lm_only,protbert,11,0.8928994082840237,0.5035761395348912,0.8461538461538461,0.4634146341463415,0.4263178326201449
G10,S5,cross,dora,lm_pssm,lm_only,protbert,22,0.8926035502958579,0.4445875922111061,0.8566433566433567,0.4675324675324675,0.4246179170375841
G10,S5,cross,dora,lm_pssm,lm_only,protbert,33,0.8838757396449705,0.5441981719525237,0.8461538461538461,0.45,0.4068381021724862
G10,S5,cross,dora,lm_pssm,lm_only,protbert,44,0.8939349112426036,0.4617461817954115,0.8216783216783217,0.4395604395604395,0.408958164570598
G10,S5,cross,dora,lm_pssm,lm_only,protbert,55,0.9041420118343196,0.6182678053649912,0.8776223776223776,0.4927536231884058,0.4454768371117636
G10,S5,cross,dora,lm_pssm,lm_only,prott5,11,0.9032544378698224,0.6005320255981776,0.8916083916083916,0.5507246376811594,0.5135357983371719
G10,S5,cross,dora,lm_pssm,lm_only,prott5,22,0.8923076923076924,0.5470582270040321,0.9195804195804196,0.5818181818181818,0.5384579260682427
G10,S5,cross,dora,lm_pssm,lm_only,prott5,33,0.9062130177514792,0.519528062293234,0.9090909090909092,0.5357142857142857,0.4871392896287467
G10,S5,cross,dora,lm_pssm,lm_only,prott5,44,0.837130177514793,0.3992451225252327,0.8916083916083916,0.5230769230769231,0.4768490648243918
G10,S5,cross,dora,lm_pssm,lm_only,prott5,55,0.8988165680473372,0.5901867888456374,0.9125874125874126,0.5283018867924528,0.4802550683177957
